census_tract_geoid,town,electric_participation_rate_avg,gas_participation_rate_avg,block_group_count
25001010100,Provincetown,24.8704,0.0,25
25001010206,Wellfleet,19.264,0.0,15
25001010208,Truro,18.472,0.0,15
25001010304,Eastham,21.562666666666665,8.138666666666667,15
25001010306,Eastham,15.216000000000001,8.018666666666666,15
25001010400,Orleans,21.65,8.242,20
25001010500,Orleans,17.506666666666668,8.802666666666665,15
25001010600,Chatham,18.119999999999997,8.459999999999999,20
25001010700,Chatham,15.116,7.824,20
25001010800,Brewster,26.5152,12.1152,25
25001010900,Brewster,24.106,11.754000000000001,20
25001011002,Harwich,24.396,12.896,20
25001011100,Harwich,25.688,13.222,20
25001011200,Harwich,19.137999999999998,11.068000000000001,20
25001011300,Dennis,20.461333333333332,11.029333333333334,15
25001011400,Dennis,17.704,11.040000000000001,20
25001011500,Dennis,24.5952,15.105599999999999,25
25001011600,Dennis,20.698666666666668,12.018666666666666,15
25001011700,Dennis,20.757333333333335,13.656,15
25001011801,Yarmouth,28.024,14.928,10
25001011802,Yarmouth,28.286,15.830000000000002,20
25001012001,Yarmouth,28.192,16.526,20
25001012002,Yarmouth,22.70133333333333,13.826666666666664,15
25001012101,Yarmouth,27.951999999999998,15.3056,25
25001012102,Yarmouth,21.416,11.102,20
25001012200,Barnstable,26.574,13.548000000000002,20
25001012502,Barnstable,22.137999999999998,12.097999999999999,20
25001012601,Barnstable,27.948,16.552,10
25001012602,Barnstable,25.756,13.309999999999999,20
25001012700,Barnstable,24.330000000000002,15.107999999999999,20
25001012800,Barnstable,28.6,17.589333333333336,15
25001012900,Barnstable,28.21333333333333,18.586666666666666,15
25001013002,Barnstable,21.752000000000002,11.568000000000001,20
25001013100,Barnstable,27.880000000000003,16.962,20
25001013200,Barnstable,25.205333333333336,13.538666666666666,15
25001013300,Sandwich,30.264,11.975999999999999,15
25001013400,Sandwich,28.419999999999998,12.384,20
25001013500,Sandwich,26.625999999999998,16.336000000000002,20
25001013600,Sandwich,28.72266666666667,15.426666666666668,15
25001013700,Bourne,19.532,12.666,20
25001013800,Bourne,22.978666666666665,10.786666666666665,15
25001013900,Bourne,19.07,10.501999999999999,20
25001014002,Bourne,21.262,12.924000000000001,20
25001014100,Bourne,0.0,0.0,5
25001014300,Falmouth,18.9376,10.409600000000001,25
25001014402,Falmouth,24.616,11.669333333333332,15
25001014500,Falmouth,25.181333333333335,15.893333333333334,15
25001014600,Falmouth,26.942,13.492,20
25001014700,Falmouth,20.896,10.818666666666667,15
25001014800,Falmouth,25.125999999999998,10.358,20
25001014900,Falmouth,19.741999999999997,8.698,20
25001015001,Mashpee,28.375999999999998,21.371999999999996,10
25001015002,Mashpee,31.791999999999994,14.716,10
25001015100,Mashpee,24.448,16.552,10
25001015200,Mashpee,19.131999999999998,13.652000000000001,10
25001015300,Barnstable,25.765333333333334,7.848,15
25003900100,Pittsfield,26.944,4.054,20
25003900200,Pittsfield,34.21333333333334,4.817333333333333,30
25003900300,Pittsfield,31.887999999999998,10.717333333333332,15
25003900400,Pittsfield,30.536000000000005,9.9632,25
25003900500,Pittsfield,26.052,17.284,10
25003900600,Pittsfield,34.502399999999994,7.187200000000001,25
25003900700,Pittsfield,28.125999999999998,14.486,20
25003900800,Pittsfield,27.6528,18.1824,25
25003900900,Pittsfield,31.977600000000002,15.8128,25
25003901100,Pittsfield,31.419999999999998,17.304,20
25003911100,Lanesborough,18.386666666666667,2.7680000000000002,15
25003912100,Dalton,31.20228571428571,18.70057142857143,35
25003913100,Lenox,21.96,18.78514285714286,35
25003914100,Lee,23.790666666666667,14.494666666666667,30
25003920101,Williamstown,23.419999999999998,18.296,20
25003920102,Williamstown,21.506666666666668,8.861333333333334,15
25003921300,North adams,27.448,14.622,20
25003921400,North adams,35.715999999999994,16.228,10
25003921500,North adams,28.048000000000002,22.208,10
25003922100,Adams,27.762,16.392000000000003,20
25003922200,Adams,29.068,16.625999999999998,20
25003922300,Adams,28.312,9.508,10
25003923100,Cheshire,26.448,10.877333333333333,15
25003924100,Stockbridge,20.951999999999998,6.522666666666667,15
25003925100,Great barrington,26.547428571428572,15.395428571428573,35
25003926100,Sheffield,22.808,0.0,20
25003931100,Clarksburg,29.76,17.272,10
25003931300,"Savoy, florida",25.296,0.0,10
25003931400,"Peru, windsor",18.048000000000002,0.0,10
25003932200,"Washington, becket",19.125333333333334,0.0,15
25003932300,Hinsdale,29.2,0.0,10
25003933200,"Monterey, tyringham",16.112000000000002,0.0,10
25003933300,New marlborough,22.668,0.0,10
25003933400,"Sandisfield, otis",14.552,0.0,15
25003934200,West stockbridge,21.324,0.0,10
25003934300,"Alford, egremont, mount washington",20.136000000000003,0.0,10
25003935100,"Richmond, new ashford, hancock",19.986,0.0,20
25003935200,Pittsfield,30.3104,20.5488,25
25003935300,North adams,24.892,11.786,20
25005600100,Easton,34.268,10.296000000000001,10
25005600202,Easton,34.36266666666667,6.858666666666666,15
25005600203,Easton,35.13866666666666,12.856,15
25005600204,Easton,28.284000000000002,10.264,10
25005610100,Mansfield,0.0,8.354666666666667,15
25005610202,Mansfield,0.0,12.464,20
25005610203,Mansfield,0.0,10.598,20
25005610204,Mansfield,0.0,12.096,15
25005611101,Norton,23.948,10.836,10
25005611102,Norton,25.956,11.364,10
25005611201,Norton,21.176,8.112,10
25005611202,Norton,23.255999999999997,6.456,15
25005612100,Raynham,0.0,3.8373333333333335,15
25005612200,Raynham,0.0,9.196000000000002,20
25005613100,Taunton,0.0,5.618,20
25005613300,Taunton,0.0,5.892,20
25005613400,Taunton,0.0,7.859999999999999,10
25005613600,Taunton,0.0,4.448,10
25005613700,Taunton,0.0,4.204,10
25005613800,Taunton,0.0,3.6399999999999997,20
25005613901,Taunton,0.0,5.932,10
25005613902,Taunton,0.0,4.842666666666667,15
25005614000,Taunton,0.0,4.5,10
25005614101,Taunton,0.0,9.034666666666668,15
25005614102,Taunton,0.0,4.997333333333333,15
25005615100,Dighton,18.855999999999998,3.0463999999999998,25
25005616100,Berkley,0.0,2.4560000000000004,15
25005617101,Freetown,21.432,2.8575999999999997,25
25005617102,Freetown,25.727999999999998,10.056000000000001,10
25005630101,North attleboro,0.0,7.424000000000001,10
25005630102,North attleboro,0.0,9.036,20
25005630200,North attleboro,0.0,7.646400000000001,25
25005630300,North attleboro,0.0,12.937999999999999,20
25005630400,North attleboro,0.0,8.290666666666665,15
25005631100,Attleboro,27.343999999999998,6.149714285714286,35
25005631200,Attleboro,32.784,7.4336,25
25005631300,Attleboro,31.73866666666667,9.554666666666666,15
25005631400,Attleboro,15.556000000000001,3.9400000000000004,10
25005631500,Attleboro,21.204,5.572,10
25005631600,Attleboro,17.29866666666667,6.008,15
25005631700,Attleboro,28.912,10.962,20
25005631800,Attleboro,27.201999999999998,8.28,20
25005632100,Seekonk,32.51733333333333,8.665333333333335,30
25005632200,Seekonk,27.1408,7.3344000000000005,25
25005633100,Rehoboth,31.308000000000003,3.036,10
25005633200,Rehoboth,28.69066666666667,0.0,15
25005640100,Fall river,14.4848,8.264000000000001,25
25005640200,Fall river,16.0224,5.8464,25
25005640300,Fall river,15.837333333333333,8.754666666666667,15
25005640400,Fall river,14.639999999999999,7.293333333333334,15
25005640500,Fall river,16.152,5.1744,25
25005640600,Fall river,14.446000000000002,6.6659999999999995,20
25005640700,Fall river,18.674666666666667,11.250666666666666,15
25005640800,Fall river,13.042666666666667,7.410666666666667,15
25005640901,Fall river,12.6432,5.0368,25
25005641000,Fall river,7.776,2.301333333333333,15
25005641101,Fall river,16.892000000000003,0.0,10
25005641200,Fall river,10.848,0.0,10
25005641300,Fall river,13.1472,2.6064,25
25005641400,Fall river,11.570666666666666,1.6213333333333333,15
25005641500,Fall river,12.604,6.828,10
25005641600,Fall river,16.148000000000003,10.059999999999999,10
25005641700,Fall river,18.524,13.246,20
25005641800,Fall river,17.797333333333334,11.504,15
25005641900,Fall river,18.264,11.256,10
25005642000,Fall river,12.954666666666666,5.802666666666666,15
25005642100,Fall river,14.544,8.717333333333332,15
25005642200,Fall river,16.035999999999998,5.798,20
25005642300,Fall river,19.96,19.092000000000002,10
25005642400,Fall river,15.413333333333332,14.328000000000001,15
25005642500,Fall river,21.292,14.819999999999999,10
25005644101,Somerset,20.08,15.821333333333333,15
25005644102,Somerset,17.592000000000002,14.02,10
25005644200,Somerset,20.438666666666666,14.493333333333334,30
25005645101,Swansea,21.394666666666662,14.698666666666666,15
25005645102,Swansea,19.064000000000004,14.831999999999999,15
25005645103,Swansea,21.138666666666666,15.277333333333333,15
25005646101,Westport,16.964,11.702,20
25005646103,Westport,17.541333333333334,13.032000000000002,15
25005646104,Westport,15.516000000000002,6.5040000000000004,10
25005650101,New bedford,24.240000000000002,18.384,15
25005650102,New bedford,22.746666666666666,20.637333333333334,15
25005650201,New bedford,23.858666666666668,15.677333333333333,15
25005650202,New bedford,23.296,15.040000000000001,5
25005650300,New bedford,20.266,13.959999999999999,20
25005650400,New bedford,12.928,8.05,20
25005650500,New bedford,14.981333333333334,8.885333333333334,15
25005650600,New bedford,10.304,7.042666666666666,15
25005650700,New bedford,3.4799999999999995,3.7439999999999998,10
25005650800,New bedford,13.898,6.654000000000001,20
25005650900,New bedford,21.706666666666667,9.381333333333334,15
25005651001,New bedford,18.016,16.416,5
25005651002,New bedford,20.18,18.804000000000002,10
25005651100,New bedford,19.06,10.494,20
25005651200,New bedford,12.591999999999999,4.868,10
25005651300,New bedford,27.736,13.628,10
25005651400,New bedford,22.788,16.104,20
25005651500,New bedford,23.856,14.812000000000001,20
25005651600,New bedford,23.856,15.642000000000001,20
25005651700,New bedford,36.188,9.644,10
25005651800,New bedford,7.720000000000001,16.732,10
25005651900,New bedford,21.631999999999998,13.696000000000002,10
25005652000,New bedford,20.464,15.514666666666667,15
25005652100,New bedford,23.84,16.986666666666668,15
25005652200,New bedford,25.27733333333333,18.210666666666665,15
25005652300,New bedford,18.816,11.544,15
25005652400,New bedford,16.444,10.376,10
25005652500,New bedford,12.692,3.0,10
25005652600,New bedford,11.496,4.792,10
25005652700,New bedford,12.791999999999998,5.723999999999999,20
25005652800,New bedford,22.8,16.082666666666668,15
25005653101,Dartmouth,27.926,17.514000000000003,20
25005653102,Dartmouth,26.715999999999998,0.0,10
25005653203,Dartmouth,21.444,16.651999999999997,20
25005653204,Dartmouth,21.56,16.896,5
25005653301,Dartmouth,22.4256,19.369600000000002,25
25005653304,Dartmouth,23.184,9.796,10
25005654100,Acushnet,27.696000000000005,19.684,20
25005654200,Acushnet,23.829333333333334,17.240000000000002,15
25005655100,Fairhaven,25.586666666666666,21.770666666666667,15
25005655200,Fairhaven,25.296,16.9328,25
25005655300,Fairhaven,26.869333333333334,19.421333333333333,15
25005655400,Fairhaven,26.26,22.96,20
25005985500,Dartmouth,26.663999999999998,14.447999999999999,5
25005985600,Easton,31.512,9.4,5
25007200100,Tisbury,18.5216,0.0,25
25007200200,Oak bluffs,12.814400000000001,0.0,25
25007200300,Edgartown,10.692,0.0,20
25007200400,"Gosnold, chilmark, west tisbury, aquinnah",9.590666666666667,0.0,30
25009201100,Nahant,28.238,22.708,20
25009202101,Swampscott,34.986666666666665,30.32266666666667,15
25009202102,Swampscott,33.537600000000005,28.854400000000002,25
25009202200,Swampscott,33.81466666666667,28.109333333333332,30
25009203100,Marblehead,0.0,26.702999999999996,40
25009203200,Marblehead,0.0,22.64,25
25009203301,Marblehead,0.0,20.35,20
25009203302,Marblehead,0.0,18.941333333333333,15
25009204101,Salem,24.42,17.490000000000002,20
25009204102,Salem,29.508,23.32,10
25009204200,Salem,27.961599999999997,19.246399999999998,25
25009204300,Salem,22.34666666666667,13.733333333333333,15
25009204400,Salem,28.086000000000002,21.094,20
25009204500,Salem,27.424,21.981333333333335,15
25009204600,Salem,30.4624,20.664,25
25009204701,Salem,36.565333333333335,37.525333333333336,15
25009204702,Salem,29.558,21.962,20
25009205100,Lynn,28.72,21.2496,25
25009205200,Lynn,28.0912,17.4624,25
25009205300,Lynn,28.214,21.574,20
25009205400,Lynn,29.258666666666667,22.941333333333333,15
25009205500,Lynn,24.588,14.264,10
25009205600,Lynn,16.756,17.65,20
25009205700,Lynn,24.7712,16.112000000000002,25
25009205800,Lynn,17.218666666666664,11.656,15
25009205900,Lynn,22.672000000000004,12.989333333333333,15
25009206000,Lynn,16.556,8.952000000000002,10
25009206100,Lynn,20.772,14.148,10
25009206200,Lynn,20.586666666666666,11.256,15
25009206300,Lynn,22.808,13.895999999999997,20
25009206400,Lynn,25.8,15.606,20
25009206500,Lynn,21.88,13.4,15
25009206600,Lynn,26.724,18.628,20
25009206700,Lynn,24.857999999999997,15.396,20
25009206800,Lynn,20.972,13.88,10
25009206900,Lynn,11.874666666666666,5.4959999999999996,15
25009207000,Lynn,21.1,8.308,10
25009207100,Lynn,17.17866666666667,8.781333333333333,15
25009207200,Lynn,17.827999999999996,12.26,10
25009208101,Saugus,26.276,17.759999999999998,20
25009208102,Saugus,24.6,19.64,20
25009208200,Saugus,27.538,20.516,20
25009208300,Saugus,28.43,24.006,20
25009208400,Saugus,24.874000000000002,16.916,20
25009209100,Lynnfield,0.0,27.511999999999997,25
25009209200,Lynnfield,0.0,25.574,20
25009210100,Peabody,0.0,26.268,20
25009210200,Peabody,0.0,21.78666666666667,15
25009210300,Peabody,0.0,15.805333333333332,15
25009210400,Peabody,0.0,22.509999999999998,20
25009210500,Peabody,0.0,18.534,20
25009210600,Peabody,0.0,20.806,20
25009210700,Peabody,0.0,13.668000000000001,20
25009210800,Peabody,0.0,13.037333333333333,15
25009210900,Peabody,0.0,16.898666666666667,15
25009211100,Danvers,0.0,20.698,20
25009211200,Danvers,0.0,21.896,20
25009211300,Danvers,0.0,29.922666666666668,15
25009211401,Danvers,0.0,6.176,5
25009211402,Danvers,0.0,22.229999999999997,20
25009212100,Middleton,0.0,17.82,20
25009213100,Boxford,36.3856,32.4336,25
25009214100,Topsfield,36.04600000000001,28.406,20
25009215101,Hamilton,36.616,25.49866666666667,15
25009215102,Hamilton,31.986,21.596,20
25009216100,Wenham,34.09066666666667,23.989333333333335,15
25009217100,Beverly,34.303999999999995,23.738666666666667,15
25009217201,Beverly,32.25333333333334,26.327999999999996,15
25009217202,Beverly,32.972,22.568,20
25009217300,Beverly,26.833599999999997,17.1824,25
25009217400,Beverly,26.869999999999997,18.66,20
25009217500,Beverly,33.05466666666667,26.570666666666668,30
25009217600,Beverly,33.7184,22.031999999999996,25
25009218100,Manchester,29.2544,23.363200000000003,25
25009220101,Rockport,29.406,0.0,20
25009220102,Rockport,26.907999999999998,0.0,10
25009221100,Gloucester,31.951999999999998,21.27733333333333,15
25009221300,Gloucester,32.088,23.657999999999998,20
25009221400,Gloucester,29.781333333333336,20.89333333333333,15
25009221500,Gloucester,31.336000000000002,18.724,10
25009221600,Gloucester,27.082666666666668,17.88533333333333,15
25009221700,Gloucester,33.428,22.616,10
25009221800,Gloucester,36.152,29.536,10
25009221901,Gloucester,36.884,12.776,10
25009221902,Gloucester,26.588,7.536,10
25009222100,Essex,31.33066666666667,24.365333333333336,15
25009223100,Ipswich,0.0,23.972,10
25009223200,Ipswich,0.0,25.216,15
25009223300,Ipswich,0.0,23.426666666666666,15
25009250100,Lawrence,26.312,0.0,5
25009250200,Lawrence,20.822,7.382000000000001,20
25009250300,Lawrence,16.36,6.311999999999999,5
25009250400,Lawrence,18.658666666666665,3.2853333333333334,15
25009250500,Lawrence,14.906666666666666,5.704,15
25009250600,Lawrence,19.904000000000003,7.256,20
25009250700,Lawrence,19.8,6.672,15
25009250800,Lawrence,19.9888,7.7456,25
25009250900,Lawrence,21.384,4.068,10
25009251000,Lawrence,11.464,30.656,5
25009251100,Lawrence,15.397333333333332,2.8560000000000003,15
25009251200,Lawrence,12.88,3.6399999999999997,5
25009251300,Lawrence,16.658666666666665,1.8853333333333333,15
25009251400,Lawrence,18.098,7.626,20
25009251500,Lawrence,23.462400000000002,11.1552,25
25009251600,Lawrence,20.31,9.806000000000001,20
25009251700,Lawrence,22.952,12.51,20
25009251800,Lawrence,30.512,16.034,20
25009252101,Methuen,23.32266666666667,9.72,15
25009252102,Methuen,23.269333333333332,10.872000000000002,15
25009252201,Methuen,30.915999999999997,11.716,10
25009252202,Methuen,28.867999999999995,12.528,10
25009252300,Methuen,22.170666666666666,8.210666666666667,30
25009252400,Methuen,17.162666666666667,8.509333333333334,15
25009252501,Methuen,26.312,13.853333333333333,15
25009252502,Methuen,27.772000000000002,10.574000000000002,20
25009252601,Methuen,23.168,9.61,20
25009252602,Methuen,32.684000000000005,12.656,20
25009252603,Methuen,28.168,8.592,5
25009253100,North andover,30.948800000000002,18.5168,25
25009253201,North andover,32.988,15.451999999999998,10
25009253202,North andover,25.184,17.918,20
25009253203,North andover,40.437333333333335,18.050666666666665,15
25009253204,North andover,46.20533333333333,14.4,15
25009253205,North andover,42.692,21.484,10
25009254100,Andover,38.608000000000004,21.2256,25
25009254200,Andover,34.54666666666667,16.874666666666666,15
25009254301,Andover,37.468,17.924,10
25009254302,Andover,38.792,19.674666666666667,15
25009254401,Andover,43.176,20.112000000000002,5
25009254402,Andover,39.648,22.163999999999998,20
25009254403,Andover,37.352,16.72,10
25009260100,Haverhill,16.791999999999998,11.504,15
25009260200,Haverhill,21.06,14.904000000000002,10
25009260301,Haverhill,29.224,24.434666666666665,15
25009260302,Haverhill,28.032,22.588,10
25009260401,Haverhill,23.934,20.468,20
25009260402,Haverhill,27.240000000000002,22.44,15
25009260500,Haverhill,29.074666666666666,23.59466666666667,15
25009260600,Haverhill,23.424,17.858666666666668,15
25009260700,Haverhill,22.86,19.076,10
25009260800,Haverhill,15.648000000000001,14.663999999999998,10
25009260900,Haverhill,25.827999999999996,23.732,20
25009261000,Haverhill,26.495999999999995,22.471999999999998,15
25009261101,Haverhill,31.733333333333334,25.496,15
25009261102,Haverhill,20.944000000000003,18.632,15
25009262100,Merrimac,0.0,24.384,15
25009263100,West newbury,36.84533333333333,8.501333333333333,15
25009264100,Groveland,0.0,25.290666666666667,15
25009265101,Georgetown,0.0,25.669999999999998,20
25009265102,Georgetown,0.0,23.332,10
25009266100,Amesbury,30.823999999999998,26.137600000000003,25
25009266200,Amesbury,23.810666666666666,21.218666666666664,15
25009266300,Amesbury,27.578666666666667,21.445333333333334,15
25009266400,Amesbury,29.351999999999997,23.744,20
25009267101,Salisbury,23.704,19.770666666666667,15
25009267102,Salisbury,25.4,22.982,20
25009268100,Newburyport,35.96,33.791999999999994,10
25009268200,Newburyport,33.618,27.722,20
25009268300,Newburyport,33.366,24.878,20
25009268400,Newburyport,33.04600000000001,19.422,20
25009269100,Newbury,30.542399999999997,17.0336,25
25009270100,Rowley,0.0,23.375999999999998,10
25011040100,"Colrain, rowe, hawley, heath",27.48,0.0,20
25011040200,"Bernardston, leyden, gill",33.19466666666667,0.0,15
25011040300,Northfield,30.851999999999997,0.0,10
25011040400,"Erving, wendell, warwick",33.68266666666667,0.0,15
25011040501,Orange,30.756,0.0,20
25011040502,Orange,32.21066666666666,0.0,15
25011040600,"Shutesbury, leverett, new salem",33.22666666666667,0.0,15
25011040701,Montague,22.582,15.38,20
25011040702,Montague,31.360000000000003,0.0,20
25011040800,"Whately, sunderland",32.5,0.0,20
25011040900,Deerfield,23.886000000000003,22.374000000000002,20
25011041000,Greenfield,41.141333333333336,9.077333333333334,15
25011041100,Greenfield,38.612,16.274,20
25011041200,Greenfield,35.535999999999994,20.27466666666667,15
25011041300,Greenfield,33.2224,17.215999999999998,25
25011041400,Greenfield,30.688,8.292,10
25011041501,"Conway, ashfield",31.541333333333334,0.0,15
25011041502,"Buckland, shelburne",25.648000000000003,0.0,20
25013800101,Springfield,31.194666666666667,8.856,15
25013800102,Springfield,13.776,4.002666666666667,15
25013800201,Springfield,24.9936,5.96,25
25013800202,Springfield,27.048000000000002,8.856,5
25013800300,Springfield,26.127999999999997,9.298,20
25013800400,Springfield,21.3536,5.774400000000001,25
25013800500,Springfield,23.162666666666667,7.237333333333334,15
25013800600,Springfield,15.541333333333334,6.373333333333333,15
25013800700,Springfield,21.028,39.912,10
25013800800,Springfield,19.0,4.072,10
25013800900,Springfield,18.816,4.312,15
25013801101,Springfield,20.872,40.0,5
25013801102,Springfield,18.8,0.0,10
25013801200,Springfield,36.74133333333334,6.093333333333334,15
25013801300,Springfield,25.380000000000003,6.742,20
25013801401,Springfield,28.339999999999996,4.651999999999999,10
25013801402,Springfield,29.012,9.548,10
25013801501,Springfield,26.222,8.431999999999999,20
25013801502,Springfield,36.84266666666667,8.394666666666666,15
25013801503,Springfield,22.856,8.504,15
25013801601,Springfield,31.336000000000002,10.668000000000001,20
25013801602,Springfield,38.17866666666667,11.066666666666666,15
25013801603,Springfield,26.579999999999995,9.408,10
25013801604,Springfield,30.472,11.48,10
25013801605,Springfield,30.91466666666667,11.496,15
25013801700,Springfield,23.77466666666667,8.573333333333332,30
25013801800,Springfield,23.4848,3.2944,25
25013801901,Springfield,19.744,2.976,10
25013801902,Springfield,23.728,1.136,15
25013802000,Springfield,37.376,5.196,10
25013802100,Springfield,26.134666666666664,7.510666666666666,30
25013802200,Springfield,18.976,4.776,15
25013802300,Springfield,18.5168,4.72,25
25013802400,Springfield,33.06,12.945999999999998,20
25013802500,Springfield,28.978666666666665,12.330666666666668,30
25013802601,Springfield,23.797333333333334,7.188,30
25013802602,Springfield,23.56,12.136,5
25013810100,Palmer,27.282,0.0,20
25013810200,Palmer,25.319999999999997,38.54666666666667,15
25013810300,Palmer,23.648,0.0,10
25013810403,Ludlow,20.624000000000002,4.109333333333334,15
25013810404,Ludlow,28.668,6.9,10
25013810412,Ludlow,27.098666666666666,7.720000000000001,15
25013810414,Ludlow,31.021333333333338,9.693333333333333,15
25013810601,Chicopee,0.0,6.04,15
25013810602,Chicopee,0.0,8.416,5
25013810700,Chicopee,0.0,5.2352,25
25013810800,Chicopee,0.0,5.159999999999999,15
25013810901,Chicopee,0.0,2.824,5
25013810902,Chicopee,0.0,5.304,20
25013811000,Chicopee,0.0,5.814400000000001,25
25013811101,Chicopee,0.0,3.582,20
25013811102,Chicopee,0.0,5.684,20
25013811200,Chicopee,0.0,6.3020000000000005,20
25013811301,Chicopee,0.0,7.653999999999999,20
25013811302,Chicopee,0.0,11.767999999999999,25
25013811400,Holyoke,0.0,0.0,10
25013811500,Holyoke,0.0,0.0,10
25013811600,Holyoke,0.0,0.0,20
25013811700,Holyoke,0.0,0.0,15
25013811800,Holyoke,0.0,0.0,25
25013811900,Holyoke,0.0,0.0,15
25013812001,Holyoke,0.0,0.0,20
25013812002,Holyoke,0.0,0.0,20
25013812101,Holyoke,0.0,0.0,20
25013812103,Holyoke,0.0,0.0,10
25013812104,Holyoke,0.0,0.0,20
25013812201,West springfield,21.842666666666666,8.618666666666666,15
25013812202,West springfield,27.378666666666668,7.808000000000001,15
25013812300,West springfield,13.634,2.542,20
25013812401,West springfield,31.824,10.636,20
25013812403,West springfield,29.758,9.001999999999999,20
25013812404,West springfield,28.192,9.912,10
25013812500,Westfield,0.0,0.0,25
25013812600,Westfield,0.0,0.0,20
25013812701,Westfield,0.0,0.0,15
25013812702,Westfield,0.0,0.0,15
25013812800,Westfield,0.0,0.0,20
25013812901,Westfield,0.0,0.0,15
25013812902,Westfield,0.0,0.0,15
25013812903,Westfield,0.0,0.0,5
25013813000,"Russell, blandford, granville, tolland, montgomery, chester",14.292,0.0,30
25013813101,Southwick,24.674666666666667,6.104,15
25013813102,Southwick,22.919999999999998,1.916,10
25013813204,Agawam,24.419999999999998,7.840000000000001,10
25013813205,Agawam,25.368000000000002,7.146000000000001,20
25013813206,Agawam,21.069333333333336,8.032,15
25013813207,Agawam,23.773333333333333,7.464,15
25013813208,Agawam,24.704,8.768,10
25013813209,Agawam,18.448,8.826666666666666,15
25013813301,Longmeadow,36.541333333333334,13.869333333333334,15
25013813303,Longmeadow,35.148,15.368,10
25013813304,Longmeadow,36.602666666666664,16.631999999999998,15
25013813401,East longmeadow,28.357999999999997,12.484,20
25013813403,East longmeadow,30.812,14.592000000000002,10
25013813404,East longmeadow,30.712,15.517333333333333,15
25013813500,Hampden,30.776,29.662,20
25013813601,Wilbraham,29.638666666666666,31.342666666666666,30
25013813602,Wilbraham,35.53866666666667,25.432000000000002,15
25013813701,Monson,32.388,80.0,10
25013813702,Monson,36.4064,44.8,25
25013813801,"Wales, holland",26.008,0.0,15
25013813802,Brimfield,29.315999999999995,0.0,10
25015820101,Ware,33.608,0.0,20
25015820102,Ware,29.216,0.0,15
25015820202,Pelham,25.752,0.0,5
25015820203,Belchertown,40.61,0.0,20
25015820204,Belchertown,41.327999999999996,0.0,10
25015820300,Amherst,25.918400000000002,6.3248,25
25015820400,Amherst,4.848,0.0,10
25015820500,Amherst,25.16,14.741333333333333,30
25015820600,Amherst,7.5040000000000004,0.0,5
25015820700,Amherst,28.744000000000003,24.570666666666668,15
25015820801,Amherst,32.188,15.2,20
25015820802,Amherst,0.0,0.0,5
25015820900,Granby,33.68,4.273999999999999,20
25015821000,South hadley,0.0,9.118,20
25015821100,South hadley,0.0,9.5792,25
25015821200,South hadley,0.0,9.336,5
25015821300,South hadley,0.0,11.946666666666665,15
25015821400,Hadley,33.519999999999996,10.244,20
25015821500,Hatfield,29.445333333333334,20.290666666666667,15
25015821601,Northampton,35.188,14.276,10
25015821602,Northampton,34.02666666666667,12.698666666666666,15
25015821700,Northampton,21.24533333333333,7.752,15
25015821901,Northampton,29.724,11.396,10
25015821903,Northampton,16.261333333333333,5.709333333333333,15
25015821904,Northampton,28.24,10.496,10
25015822000,Northampton,0.0,7.808,5
25015822200,Northampton,34.56266666666667,12.6,15
25015822300,Easthampton,30.939999999999998,9.084,20
25015822401,Easthampton,37.608,11.738,20
25015822402,Easthampton,32.28,10.572,20
25015822500,Southampton,25.04,0.0,20
25015822601,Huntington,24.78,0.0,10
25015822603,Westhampton,29.296,0.0,5
25015822605,Chesterfield,25.448,0.0,5
25015822606,"Goshen, williamsburg",31.432000000000002,0.0,15
25015822700,"Plainfield, cummington, middlefield",25.858666666666668,0.0,15
25017300100,Ashby,20.432,10.0,10
25017301101,Townsend,22.0,16.168,15
25017301102,Townsend,21.040000000000003,15.957333333333334,15
25017310100,Lowell,11.653333333333334,8.386666666666667,15
25017310200,Lowell,26.9552,22.4,25
25017310300,Lowell,21.2192,14.904000000000002,25
25017310400,Lowell,17.429333333333332,13.978666666666667,15
25017310500,Lowell,20.245333333333335,17.538666666666664,15
25017310601,Lowell,26.34666666666667,24.912,15
25017310602,Lowell,23.942,21.137999999999998,20
25017310700,Lowell,15.770666666666667,8.157333333333334,15
25017311100,Lowell,11.580000000000002,11.156,10
25017311200,Lowell,13.952000000000002,10.408,10
25017311300,Lowell,17.941333333333333,13.245333333333333,15
25017311400,Lowell,22.93,21.8,20
25017311500,Lowell,21.058666666666667,17.877333333333333,15
25017311600,Lowell,22.892799999999998,18.408,25
25017311700,Lowell,17.994,13.604000000000003,20
25017311800,Lowell,13.376,9.331999999999999,10
25017311900,Lowell,15.544,9.844,10
25017312000,Lowell,14.668000000000001,9.568000000000001,10
25017312100,Lowell,17.557333333333336,13.301333333333334,15
25017312200,Lowell,22.479999999999997,16.55,20
25017312300,Lowell,22.30666666666667,18.872,15
25017312400,Lowell,20.571999999999996,14.004,10
25017312501,Lowell,29.66933333333333,25.901333333333334,15
25017312502,Lowell,31.608,27.650666666666666,15
25017313101,Tyngsborough,30.672000000000004,26.791999999999998,15
25017313102,Tyngsborough,33.008,31.954,20
25017314101,Dracut,26.983999999999998,21.696,15
25017314102,Dracut,26.406400000000005,23.9696,25
25017314200,Dracut,29.242666666666665,23.866666666666667,15
25017314301,Dracut,28.88,20.8464,25
25017314302,Dracut,31.212,24.844,10
25017315100,Tewksbury,28.619999999999997,27.512,10
25017315200,Tewksbury,22.881999999999998,19.398000000000003,20
25017315401,Tewksbury,20.448,14.475999999999999,10
25017315402,Tewksbury,24.564,19.419999999999998,10
25017315403,Tewksbury,29.596000000000004,26.644,10
25017315500,Tewksbury,30.224,22.098666666666666,30
25017316101,Billerica,29.48,27.488,15
25017316102,Billerica,30.284000000000002,26.839999999999996,20
25017316201,Billerica,31.597333333333335,26.997333333333337,15
25017316202,Billerica,31.89333333333333,25.21333333333333,15
25017316300,Billerica,30.267999999999997,21.637333333333334,30
25017316400,Billerica,27.28666666666667,22.841333333333335,30
25017316500,Billerica,27.2416,26.211199999999998,25
25017317101,Chelmsford,35.032,33.774,20
25017317102,Chelmsford,34.74933333333333,31.682666666666666,15
25017317103,Chelmsford,37.669333333333334,35.53866666666667,15
25017317201,Chelmsford,39.8,37.296,10
25017317202,Chelmsford,40.42,37.092,10
25017317203,Chelmsford,37.912000000000006,32.336,15
25017317301,Chelmsford,31.68,30.860000000000003,10
25017317302,Chelmsford,30.205333333333336,33.61866666666666,15
25017318100,Westford,32.495999999999995,30.532,20
25017318200,Westford,31.115999999999996,24.188,10
25017318300,Westford,36.757999999999996,33.484,20
25017318400,Westford,31.976,28.448,10
25017320102,Hopkinton,38.10666666666667,25.504,15
25017320103,Hopkinton,48.327999999999996,38.112,5
25017320104,Hopkinton,34.43733333333333,26.181333333333335,15
25017321100,Marlborough,31.482666666666667,28.896,15
25017321200,Marlborough,32.22933333333334,22.712,15
25017321300,Marlborough,23.065333333333335,17.718666666666664,30
25017321400,Marlborough,24.084000000000003,29.032,10
25017321500,Marlborough,27.312,17.109333333333332,15
25017321600,Marlborough,36.516,28.946000000000005,20
25017322100,Hudson,0.0,23.956,20
25017322200,Hudson,0.0,20.568,10
25017322300,Hudson,0.0,19.589333333333332,15
25017322400,Hudson,0.0,20.168,15
25017323100,Stow,0.0,26.003999999999998,20
25017324101,Littleton,0.0,24.944,15
25017324102,Littleton,0.0,23.127999999999997,15
25017325100,Ayer,31.648000000000003,20.444571428571425,35
25017326101,Groton,0.0,24.68,10
25017326102,Groton,0.0,24.312,15
25017327101,Pepperell,32.86,14.136000000000001,10
25017327102,Pepperell,31.496,23.52266666666667,15
25017327103,Pepperell,35.232,19.333333333333332,15
25017328100,Dunstable,33.164,28.708000000000006,10
25017330100,North reading,0.0,22.566399999999998,25
25017330200,North reading,0.0,21.15,20
25017331101,Wilmington,0.0,5.788,10
25017331102,Wilmington,0.0,22.926,20
25017331200,Wilmington,0.0,20.732,10
25017331300,Wilmington,0.0,24.535999999999998,15
25017332100,Burlington,37.160000000000004,29.624000000000002,20
25017332200,Burlington,32.178,17.688,20
25017332300,Burlington,35.9008,30.051199999999998,25
25017332400,Burlington,32.976,25.436,10
25017333100,Woburn,31.9936,28.2144,25
25017333200,Woburn,29.913999999999998,20.253999999999998,20
25017333300,Woburn,26.82133333333333,18.538666666666664,15
25017333400,Woburn,30.1024,21.867200000000004,25
25017333501,Woburn,38.13333333333333,22.253333333333334,15
25017333502,Woburn,27.131999999999998,15.9,10
25017333600,Woburn,27.110666666666667,17.833333333333332,30
25017334100,Reading,0.0,26.816,15
25017334200,Reading,0.0,26.462,20
25017334300,Reading,0.0,31.222,20
25017334400,Reading,0.0,22.776,25
25017335100,Wakefield,0.0,0.0,30
25017335200,Wakefield,0.0,0.0,25
25017335301,Wakefield,0.0,0.0,15
25017335302,Wakefield,0.0,0.0,15
25017335400,Wakefield,0.0,0.0,20
25017336100,Melrose,36.217333333333336,27.133333333333333,30
25017336200,Melrose,37.55085714285714,25.683428571428575,35
25017336300,Melrose,35.0,26.946285714285715,35
25017336401,Melrose,33.42666666666666,22.658666666666665,15
25017336402,Melrose,31.169999999999998,23.156,20
25017337101,Stoneham,36.42,23.068,10
25017337102,Stoneham,29.509333333333334,27.434666666666665,15
25017337201,Stoneham,32.312,22.608,15
25017337202,Stoneham,36.364,28.360000000000003,20
25017337300,Stoneham,29.4352,21.8288,25
25017338100,Winchester,34.256,28.232,10
25017338200,Winchester,30.903999999999996,24.956,10
25017338300,Winchester,33.82666666666667,23.84,15
25017338400,Winchester,34.653999999999996,29.360000000000003,20
25017338500,Winchester,33.989999999999995,27.526,20
25017339100,Medford,31.4016,23.4512,25
25017339200,Medford,34.652,25.588,30
25017339300,Medford,30.218666666666667,22.712,15
25017339400,Medford,24.116,18.07,20
25017339500,Medford,27.502,19.256,20
25017339600,Medford,21.754666666666665,16.496,30
25017339700,Medford,20.002000000000002,14.282,20
25017339801,Medford,22.268,20.21,20
25017339802,Medford,27.058666666666667,18.808,15
25017339900,Medford,27.1536,18.758399999999998,25
25017340000,Medford,27.714666666666666,18.49866666666667,15
25017340100,Medford,34.70133333333333,26.445333333333334,30
25017341101,Malden,26.296,20.205333333333336,15
25017341102,Malden,22.7008,16.985599999999998,25
25017341200,Malden,20.381333333333334,14.266666666666667,30
25017341300,Malden,16.613333333333333,11.805333333333333,15
25017341400,Malden,23.3888,16.860799999999998,25
25017341500,Malden,23.7936,14.8672,25
25017341600,Malden,23.301333333333332,18.88,30
25017341700,Malden,27.9152,19.6256,25
25017341800,Malden,19.089333333333332,13.308,30
25017341901,Malden,23.84,18.3,10
25017341902,Malden,22.933333333333334,18.488,30
25017342101,Everett,21.65,13.616,20
25017342102,Everett,19.302,12.754,20
25017342201,Everett,20.124000000000002,11.056000000000001,10
25017342202,Everett,21.216,13.636000000000001,10
25017342300,Everett,19.242,12.052,20
25017342400,Everett,17.2256,12.441600000000001,25
25017342500,Everett,20.288,12.312000000000001,15
25017342600,Everett,21.218666666666664,11.730666666666668,15
25017350103,Somerville,10.908,9.92,10
25017350104,Somerville,18.708000000000002,15.538,20
25017350200,Somerville,22.294666666666668,17.853333333333335,30
25017350300,Somerville,22.994666666666667,19.525333333333332,15
25017350400,Somerville,23.732799999999997,18.9056,25
25017350500,Somerville,19.284,14.26,10
25017350600,Somerville,15.053999999999998,12.738,20
25017350700,Somerville,19.441333333333333,14.734666666666666,30
25017350800,Somerville,20.236,15.780000000000001,10
25017350900,Somerville,22.418666666666663,17.453333333333333,15
25017351000,Somerville,22.562666666666665,18.209333333333333,30
25017351100,Somerville,25.441600000000005,20.624000000000002,25
25017351203,Somerville,18.528,16.578,20
25017351204,Somerville,20.021333333333335,16.4,15
25017351300,Somerville,22.72533333333333,17.904,15
25017351403,Somerville,18.3328,16.5152,25
25017351404,Somerville,16.95,13.772,20
25017351500,Somerville,29.304000000000002,4.54,10
25017352101,Cambridge,72.0,40.0,10
25017352102,Cambridge,20.419999999999998,12.040000000000001,10
25017352200,Cambridge,15.656,9.776,5
25017352300,Cambridge,20.668,6.228,10
25017352400,Cambridge,14.824000000000002,8.436,10
25017352500,Cambridge,21.932,14.440000000000001,10
25017352600,Cambridge,17.488,12.464000000000002,10
25017352700,Cambridge,11.021333333333333,10.933333333333334,15
25017352800,Cambridge,20.344,15.004000000000001,10
25017352900,Cambridge,21.168,17.084,10
25017353000,Cambridge,10.774,8.032,20
25017353101,Cambridge,18.596,19.096,10
25017353102,Cambridge,0.0,0.0,15
25017353200,Cambridge,20.11466666666667,17.066666666666666,15
25017353300,Cambridge,25.493333333333332,19.362666666666666,15
25017353400,Cambridge,21.428,18.272,10
25017353500,Cambridge,18.504,13.376,10
25017353600,Cambridge,18.7984,15.7248,25
25017353700,Cambridge,9.2224,6.832000000000001,25
25017353800,Cambridge,23.304,15.680000000000001,20
25017353900,Cambridge,12.290666666666668,9.76,15
25017354000,Cambridge,20.581333333333337,13.479999999999999,15
25017354100,Cambridge,19.02,14.118,20
25017354200,Cambridge,22.650666666666666,16.149333333333335,15
25017354300,Cambridge,25.375999999999998,20.424,15
25017354400,Cambridge,26.688,21.784,10
25017354500,Cambridge,25.757333333333335,17.765333333333334,15
25017354600,Cambridge,27.988,21.428,20
25017354700,Cambridge,29.612000000000002,22.272,10
25017354800,Cambridge,28.627999999999997,22.291999999999998,10
25017354900,Cambridge,20.314666666666668,24.08533333333333,15
25017355000,Cambridge,27.346666666666668,23.010666666666665,15
25017356100,Arlington,27.88266666666667,21.450666666666667,15
25017356300,Arlington,31.70266666666667,19.784,30
25017356400,Arlington,31.475,26.214999999999996,40
25017356500,Arlington,32.92666666666666,26.805333333333333,30
25017356601,Arlington,34.782,26.744,20
25017356602,Arlington,36.064,29.163999999999998,20
25017356701,Arlington,26.132,21.022666666666666,30
25017356702,Arlington,31.88,24.728,35
25017357100,Belmont,0.0,25.24,20
25017357200,Belmont,0.0,26.75,20
25017357300,Belmont,0.0,19.546666666666667,15
25017357400,Belmont,0.0,21.637333333333334,15
25017357500,Belmont,0.0,23.18933333333333,15
25017357600,Belmont,0.0,20.476,10
25017357700,Belmont,0.0,20.54,20
25017357800,Belmont,0.0,22.286,20
25017358100,Lexington,39.792,32.464,20
25017358300,Lexington,39.392,18.336000000000002,10
25017358400,Lexington,36.79,33.0,20
25017358500,Lexington,38.90933333333333,30.861333333333334,15
25017358600,Lexington,38.072,29.357333333333333,30
25017358700,Lexington,40.285333333333334,32.99466666666667,15
25017359100,Bedford,35.86,34.586,20
25017359300,Bedford,35.5552,30.3856,25
25017360100,Lincoln,0.0,0.0,5
25017360200,Lincoln,38.477999999999994,32.148,20
25017361100,Concord,0.0,29.1296,25
25017361200,Concord,0.0,32.97333333333333,15
25017361300,Concord,0.0,27.2496,25
25017362100,Carlisle,36.696000000000005,32.048,10
25017363102,Acton,30.072,23.456000000000003,15
25017363103,Acton,35.124,29.387999999999998,10
25017363104,Acton,38.722,34.227999999999994,20
25017363201,Acton,38.60533333333333,30.418666666666663,15
25017363202,Acton,42.664,29.616,15
25017364101,Maynard,30.256000000000004,21.88266666666667,15
25017364102,Maynard,32.856,23.464,20
25017365100,Sudbury,39.888,36.984,20
25017365201,Sudbury,39.854,38.292,20
25017365202,Sudbury,41.775999999999996,36.29600000000001,15
25017366100,Wayland,33.6048,29.6,25
25017366201,Wayland,38.532,34.608000000000004,10
25017366202,Wayland,32.25066666666667,26.509333333333334,15
25017367100,Weston,36.214,29.691999999999997,20
25017367200,Weston,28.301714285714283,25.405714285714286,35
25017368101,Waltham,27.964,23.041999999999998,20
25017368102,Waltham,38.824,29.860000000000003,10
25017368200,Waltham,33.084,23.134,20
25017368300,Waltham,19.3744,13.1152,25
25017368400,Waltham,23.211199999999998,20.552,25
25017368500,Waltham,17.983999999999998,13.301333333333334,15
25017368600,Waltham,23.203200000000002,17.5552,25
25017368700,Waltham,18.84,12.975999999999999,10
25017368800,Waltham,23.358400000000003,17.0,25
25017368901,Waltham,34.79,31.418,20
25017368902,Waltham,23.077333333333335,18.048000000000002,15
25017369000,Waltham,34.416000000000004,25.695999999999998,5
25017369100,Waltham,32.6192,27.0688,25
25017370101,Watertown,23.666,18.184,20
25017370102,Watertown,23.2608,17.918400000000002,25
25017370201,Watertown,30.578666666666667,23.077333333333332,15
25017370202,Watertown,28.814,23.238,20
25017370300,Watertown,22.426285714285715,14.609142857142857,35
25017370400,Watertown,26.824,19.621333333333332,30
25017373100,Newton,30.4496,24.753600000000002,25
25017373200,Newton,24.516,15.791999999999998,20
25017373300,Newton,31.648000000000003,25.173333333333336,15
25017373400,Newton,33.403999999999996,27.392000000000003,10
25017373500,Newton,34.214,26.312,20
25017373600,Newton,27.64,23.16,15
25017373700,Newton,38.470000000000006,30.822000000000003,20
25017373800,Newton,32.688,26.824,20
25017373900,Newton,33.376,27.782,20
25017374000,Newton,35.583999999999996,27.989333333333335,15
25017374100,Newton,32.792,25.229333333333333,15
25017374200,Newton,32.67733333333334,25.594666666666665,15
25017374300,Newton,35.608,30.237333333333332,15
25017374400,Newton,30.96,30.801599999999997,25
25017374500,Newton,34.4048,27.393600000000003,25
25017374600,Newton,30.32,25.21,20
25017374700,Newton,32.244,25.479999999999997,10
25017374800,Newton,34.919999999999995,30.141333333333332,15
25017382100,Natick,38.6416,27.0528,25
25017382200,Natick,34.616,23.688,20
25017382300,Natick,35.686,25.756,20
25017382400,Natick,33.86666666666667,26.074666666666666,15
25017382500,Natick,35.168,20.378666666666668,15
25017382601,Natick,36.25066666666667,19.330666666666666,15
25017382602,Natick,39.856,29.064,20
25017383101,Framingham,17.727999999999998,10.968,10
25017383102,Framingham,30.252,10.040000000000001,10
25017383200,Framingham,23.772,16.29,20
25017383300,Framingham,29.444,22.036,10
25017383400,Framingham,21.044,17.458000000000002,20
25017383501,Framingham,25.66933333333333,18.144,15
25017383502,Framingham,33.732,27.296,10
25017383600,Framingham,38.106,24.742,20
25017383700,Framingham,44.077999999999996,32.17,20
25017383800,Framingham,40.4256,28.382399999999997,25
25017383901,Framingham,39.78933333333334,33.95066666666666,30
25017383902,Framingham,40.727999999999994,33.59466666666667,15
25017384001,Framingham,44.239999999999995,36.96,5
25017384002,Framingham,28.344,25.151999999999997,15
25017385100,Ashland,37.525333333333336,29.133333333333333,15
25017385201,Ashland,37.339999999999996,29.732,10
25017385202,Ashland,33.684000000000005,20.672,20
25017386100,Sherborn,38.81333333333334,27.317333333333334,15
25017387100,Holliston,39.459999999999994,33.6,20
25017387201,Holliston,39.406,28.482,20
25017387202,Holliston,36.92266666666667,29.813333333333333,15
25017388100,Boxborough,0.0,33.376,15
25017388200,Shirley,32.36533333333333,15.365333333333334,15
25017388300,Lowell,10.238,2.192,20
25019950100,Nantucket,21.396,0.0,10
25019950200,Nantucket,27.288,0.0,20
25019950307,Nantucket,21.488,0.0,5
25019950400,Nantucket,27.472,0.0,10
25019950500,Nantucket,17.808,0.0,10
25021400100,Brookline,15.315999999999999,11.669999999999998,20
25021400200,Brookline,10.712,9.469333333333333,15
25021400300,Brookline,24.258666666666667,19.074666666666666,15
25021400400,Brookline,25.082666666666668,20.608,15
25021400500,Brookline,25.6,20.453333333333333,15
25021400600,Brookline,25.445333333333334,19.562666666666665,15
25021400700,Brookline,26.93866666666667,21.917333333333332,15
25021400800,Brookline,21.304,15.690666666666667,15
25021400900,Brookline,22.656000000000002,21.279999999999998,15
25021401000,Brookline,27.941333333333333,25.959999999999997,15
25021401100,Brookline,22.632,24.658666666666665,15
25021401200,Brookline,22.43,58.38199999999999,20
25021402101,Dedham,30.552,22.208,20
25021402102,Dedham,25.71,19.336000000000002,20
25021402200,Dedham,33.288,25.363999999999997,10
25021402300,Dedham,37.152,29.69066666666667,15
25021402400,Dedham,34.01733333333333,26.361333333333334,30
25021402500,Dedham,33.976,24.992,10
25021403100,Needham,39.44914285714286,24.641142857142857,35
25021403300,Needham,40.392,27.696,15
25021403400,Needham,39.368,26.8464,25
25021403500,Needham,34.456,26.759999999999998,15
25021404100,Wellesley,0.0,33.032000000000004,15
25021404201,Wellesley,0.0,26.618000000000002,20
25021404202,Wellesley,0.0,27.450666666666667,15
25021404301,Wellesley,0.0,31.6944,25
25021404302,Wellesley,0.0,29.365333333333336,15
25021404400,Wellesley,0.0,26.878400000000003,25
25021405100,Dover,37.324,7.6659999999999995,20
25021406101,Medfield,36.35466666666666,14.709333333333332,15
25021406102,Medfield,37.696,13.094,20
25021407100,Millis,32.6656,12.6144,25
25021408101,Medway,37.089999999999996,14.0,20
25021408102,Medway,31.044,11.172,20
25021409101,Norfolk,36.586666666666666,9.765333333333334,15
25021409102,Norfolk,41.980000000000004,0.0,10
25021410100,Foxborough,32.922000000000004,11.232000000000001,20
25021410300,Foxborough,32.215999999999994,14.347999999999999,10
25021410400,Foxborough,31.8944,12.3312,25
25021411100,Walpole,29.7792,11.512,25
25021411200,Walpole,26.145999999999997,9.33,20
25021411301,Walpole,38.77066666666666,11.917333333333334,15
25021411302,Walpole,31.698666666666668,12.112,15
25021412100,Westwood,36.292,28.35,20
25021412200,Westwood,38.616,26.072000000000003,10
25021412300,Westwood,36.032,29.498,20
25021413100,Norwood,0.0,25.2192,25
25021413200,Norwood,0.0,20.956,20
25021413300,Norwood,0.0,23.432000000000002,15
25021413401,Norwood,0.0,18.91466666666667,15
25021413402,Norwood,0.0,19.552000000000003,15
25021413500,Norwood,0.0,19.81866666666667,15
25021414100,Sharon,36.272000000000006,11.504,20
25021414200,Sharon,38.138,14.068000000000001,20
25021414300,Sharon,33.57333333333334,12.704,15
25021415101,Canton,30.091999999999995,12.564000000000002,10
25021415102,Canton,28.883200000000002,8.4256,25
25021415200,Canton,32.7,10.876,10
25021415300,Canton,34.779999999999994,10.984,10
25021416101,Milton,34.977999999999994,29.588,20
25021416102,Milton,33.568,33.672000000000004,10
25021416200,Milton,36.65371428571429,30.34628571428571,35
25021416300,Milton,36.217600000000004,26.8224,25
25021416400,Milton,33.32342857142857,26.674285714285716,35
25021417100,Quincy,26.2544,19.0352,25
25021417200,Quincy,22.864,14.326857142857143,35
25021417300,Quincy,11.416,10.116,10
25021417400,Quincy,29.447999999999997,21.90666666666667,15
25021417501,Quincy,25.357999999999997,16.022,20
25021417502,Quincy,21.21,12.602,20
25021417601,Quincy,21.976,14.213999999999999,20
25021417602,Quincy,22.968,14.666666666666666,15
25021417701,Quincy,22.130000000000003,14.404,20
25021417702,Quincy,33.69866666666667,26.349333333333334,15
25021417801,Quincy,26.500799999999998,20.4608,25
25021417802,Quincy,23.944,16.012,10
25021417901,Quincy,19.6896,13.214400000000001,25
25021417902,Quincy,19.824,13.034666666666668,15
25021418002,Quincy,24.1232,14.6384,25
25021418003,Quincy,19.312,11.592,5
25021418004,Quincy,17.922666666666668,10.869333333333334,15
25021418101,Quincy,26.797333333333334,18.733333333333334,15
25021418102,Quincy,23.892,17.419999999999998,10
25021418200,Quincy,25.93,17.804,20
25021419100,Braintree,0.0,22.544,20
25021419200,Braintree,0.0,23.47,20
25021419300,Braintree,0.0,18.363999999999997,20
25021419400,Braintree,0.0,20.712,15
25021419500,Braintree,0.0,25.080000000000002,10
25021419600,Braintree,0.0,40.018,20
25021419700,Braintree,0.0,22.619999999999997,10
25021419800,Braintree,0.0,17.872,15
25021420100,Randolph,31.4048,11.1616,25
25021420201,Randolph,30.403999999999996,9.440000000000001,10
25021420202,Randolph,24.658666666666665,7.821333333333333,15
25021420301,Randolph,27.272000000000002,9.116,20
25021420302,Randolph,32.1264,11.318399999999999,25
25021421100,Holbrook,25.907999999999998,6.764,20
25021421200,Holbrook,31.5136,9.0112,25
25021422100,Weymouth,32.513999999999996,20.238,20
25021422200,Weymouth,25.909333333333333,21.242666666666665,30
25021422301,Weymouth,32.972,24.776,10
25021422302,Weymouth,42.8608,11.1904,25
25021422400,Weymouth,29.523200000000003,17.9888,25
25021422501,Weymouth,27.692,20.818,20
25021422502,Weymouth,28.43,20.338,20
25021422600,Weymouth,34.86514285714286,26.981714285714286,35
25021422700,Weymouth,31.672000000000004,20.152,20
25021422800,Weymouth,27.784000000000002,20.922,20
25021423100,Cohasset,34.98533333333333,24.163999999999998,30
25021440100,Plainville,26.276799999999998,11.4912,25
25021441202,Wrentham,39.336,0.0,5
25021441203,Wrentham,31.860000000000003,6.544,10
25021441204,Wrentham,32.568,10.175999999999998,10
25021442101,Franklin,33.994,14.373999999999999,20
25021442102,Franklin,31.986,16.363999999999997,20
25021442103,Franklin,35.986666666666665,14.024000000000001,15
25021442201,Franklin,37.775999999999996,10.964,10
25021442202,Franklin,29.682,12.046000000000001,20
25021443101,Bellingham,28.092000000000002,11.876,20
25021443102,Bellingham,29.407999999999998,1.9168,25
25021456101,Stoughton,31.624000000000002,17.256,10
25021456102,Stoughton,26.42666666666667,11.506666666666666,15
25021456200,Stoughton,31.7,11.764,10
25021456301,Stoughton,19.484,7.18,10
25021456302,Stoughton,16.208000000000002,9.942,20
25021456401,Stoughton,26.248,8.86,10
25021456402,Stoughton,32.324,14.094,20
25021457100,Avon,28.188,7.8420000000000005,20
25021457200,Needham,36.5744,25.5568,25
25023500101,Hull,0.0,22.077333333333332,15
25023500103,Hull,0.0,14.272,5
25023500104,Hull,0.0,22.880000000000003,20
25023501101,Hingham,0.0,20.861333333333334,15
25023501102,Hingham,0.0,21.009999999999998,20
25023501201,Hingham,0.0,20.939999999999998,10
25023501202,Hingham,0.0,26.008,15
25023502101,Rockland,29.796,20.72,20
25023502102,Rockland,28.648,27.301333333333332,15
25023502200,Rockland,27.6,20.133999999999997,20
25023503101,Hanover,30.221333333333334,8.824000000000002,15
25023503102,Hanover,34.224000000000004,12.365333333333332,30
25023504101,Norwell,36.496,11.418666666666667,15
25023504102,Norwell,34.864,10.209999999999999,20
25023505101,Scituate,29.3328,9.6784,25
25023505102,Scituate,38.230000000000004,12.14,20
25023505200,Scituate,26.016000000000002,9.354000000000001,20
25023506101,Marshfield,29.78,11.052,20
25023506102,Marshfield,28.6224,10.8528,25
25023506202,Marshfield,31.632000000000005,7.696000000000001,10
25023506203,Marshfield,28.44,9.874666666666666,15
25023506204,Marshfield,20.765333333333334,8.250666666666666,15
25023507101,Duxbury,32.368,9.541333333333334,15
25023507103,Duxbury,25.818,8.062000000000001,20
25023507104,Duxbury,28.927999999999997,9.045333333333334,15
25023508101,Pembroke,32.6704,10.940800000000001,25
25023508102,Pembroke,29.351999999999997,6.634666666666666,15
25023508200,Pembroke,31.554666666666666,9.882666666666667,15
25023509101,Kingston,36.386,20.712,20
25023509102,Kingston,30.304000000000002,23.1648,25
25023510100,Brockton,31.162,6.878,20
25023510200,Brockton,23.866,8.242,20
25023510300,Brockton,25.365333333333332,4.6080000000000005,15
25023510400,Brockton,19.32,5.114,20
25023510501,Brockton,26.0,8.692,10
25023510502,Brockton,11.233600000000001,3.8848,25
25023510503,Brockton,44.34133333333333,7.538666666666667,15
25023510600,Brockton,33.266666666666666,8.973333333333333,15
25023510700,Brockton,29.194666666666667,6.417333333333334,30
25023510800,Brockton,19.138666666666666,6.596,30
25023510900,Brockton,8.277333333333333,3.917333333333333,15
25023511000,Brockton,19.944,6.644,10
25023511100,Brockton,27.735999999999997,8.281333333333333,30
25023511200,Brockton,24.123199999999997,9.088,25
25023511301,Brockton,25.305600000000005,5.4224,25
25023511302,Brockton,27.630000000000003,8.080000000000002,20
25023511400,Brockton,18.19,4.568,20
25023511500,Brockton,22.851999999999997,4.164,20
25023511600,Brockton,23.47085714285714,6.9474285714285715,35
25023511701,Brockton,32.44,9.0528,25
25023511702,Brockton,30.764,10.5,10
25023520100,Abington,32.898,24.342,20
25023520201,Abington,31.538666666666668,22.09333333333333,15
25023520202,Abington,32.751999999999995,21.090666666666667,15
25023521101,Whitman,29.752,23.726,20
25023521102,Whitman,28.396000000000004,23.044,10
25023521201,Whitman,28.221333333333334,20.192,15
25023521202,Whitman,31.29,23.468,20
25023522101,Hanson,29.824,8.68,15
25023522102,Hanson,30.1792,8.4048,25
25023523100,East bridgewater,29.308000000000003,10.144,10
25023523201,East bridgewater,30.293333333333333,10.178666666666667,15
25023523202,East bridgewater,29.201999999999998,9.418000000000001,20
25023524101,West bridgewater,28.104,8.575999999999999,15
25023524102,West bridgewater,30.136,8.733333333333333,15
25023525101,Bridgewater,28.938,8.416,20
25023525104,Bridgewater,30.908000000000005,10.558,20
25023525203,Bridgewater,24.776,7.613333333333333,15
25023525204,Bridgewater,35.864,11.908,10
25023525300,Bridgewater,0.0,0.0,5
25023526100,Halifax,29.9552,9.7568,25
25023530100,Plymouth,41.408,37.52,10
25023530200,Plymouth,23.058666666666667,15.293333333333333,15
25023530300,Plymouth,24.716,19.332,20
25023530400,Plymouth,35.116,26.424,20
25023530500,Plymouth,32.1856,26.9552,25
25023530600,Plymouth,33.576,6.8832,25
25023530700,Plymouth,28.54,12.847999999999999,10
25023530801,Plymouth,33.62,14.788,10
25023530802,Plymouth,25.728,0.0,25
25023530901,Plymouth,29.812,24.088,20
25023530902,Plymouth,32.784000000000006,20.259999999999998,10
25023540101,Lakeville,0.0,14.608,15
25023540102,Lakeville,26.52,0.0,5
25023540103,Lakeville,21.668,0.0,10
25023541100,Rochester,30.720000000000002,15.120000000000001,15
25023542101,Middleborough,0.0,0.0,20
25023542102,Middleborough,0.0,0.0,5
25023542200,Middleborough,0.0,0.0,15
25023542300,Middleborough,0.0,0.0,30
25023543100,Plympton,33.412,9.431999999999999,10
25023544100,Carver,26.85,21.357999999999997,20
25023544200,Carver,27.118000000000002,4.811999999999999,20
25023545100,Wareham,22.782,18.018,20
25023545200,Wareham,20.444,18.558,20
25023545300,Wareham,9.748000000000001,15.547999999999998,20
25023545400,Wareham,21.436799999999998,13.9856,25
25023560100,Mattapoisett,26.258666666666667,20.863999999999997,30
25023561100,Marion,26.663999999999998,13.0128,25
25023561200,Bridgewater,27.568,4.208,5
25025000100,Boston,19.878,15.498,20
25025000201,Boston,23.666,17.248,20
25025000202,Boston,16.476,13.538,20
25025000301,Boston,23.162,18.157999999999998,20
25025000302,Boston,30.591999999999995,21.616,10
25025000401,Boston,17.778,13.502,20
25025000402,Boston,28.72266666666667,17.626666666666665,15
25025000502,Boston,8.906,3.076,20
25025000503,Boston,0.0,0.0,10
25025000504,Boston,9.386000000000001,3.71,20
25025000601,Boston,19.125999999999998,14.626000000000001,20
25025000602,Boston,39.282666666666664,3.7199999999999998,15
25025000701,Boston,6.716800000000001,4.2224,25
25025000703,Boston,10.756,10.716,10
25025000704,Boston,7.5120000000000005,1.176,20
25025000802,Boston,14.856,9.6784,25
25025000803,Boston,9.232,0.0,10
25025010103,Boston,0.0,0.0,15
25025010104,Boston,0.0,0.0,15
25025010203,Boston,16.778,5.978,20
25025010204,Boston,11.205333333333334,1.904,15
25025010300,Boston,15.0,0.0,10
25025010403,Boston,0.0,0.0,15
25025010404,Boston,4.085333333333334,0.0,15
25025010405,Boston,7.935999999999999,0.0,15
25025010408,Boston,0.0,0.0,5
25025010500,Boston,13.629333333333333,0.0,15
25025010600,Boston,10.284,0.0,10
25025010701,Boston,5.269333333333333,5.12,15
25025010702,Boston,7.197333333333334,2.8826666666666667,15
25025010801,Boston,11.962666666666667,2.0906666666666665,15
25025010802,Boston,10.306666666666667,0.0,15
25025020101,Boston,9.976,4.484,20
25025020200,Boston,7.973333333333333,1.9573333333333334,15
25025020301,Boston,40.0,20.0,10
25025020302,Boston,12.984,0.0,5
25025020303,Boston,0.0,0.0,15
25025030100,Boston,10.680000000000001,6.9159999999999995,10
25025030200,Boston,12.136,5.176,5
25025030300,Boston,22.91,0.0,20
25025030400,Boston,12.408,5.42,10
25025030500,Boston,2.3040000000000003,3.2239999999999998,15
25025040100,Boston,23.052,18.924,10
25025040200,Boston,13.98,14.232,10
25025040300,Boston,27.4944,22.337600000000002,25
25025040401,Boston,53.4,23.827999999999996,10
25025040600,Boston,25.264,22.060000000000002,10
25025040801,Boston,5.010666666666666,0.0,15
25025050101,Boston,31.546666666666667,17.592,15
25025050200,Boston,30.284,13.504,20
25025050300,Boston,49.507999999999996,44.444,10
25025050400,Boston,20.732,12.303999999999998,10
25025050500,Boston,20.872,8.512,5
25025050600,Boston,21.016,6.636,10
25025050700,Boston,22.864,11.274666666666667,15
25025050901,Boston,25.88,12.194666666666668,15
25025051000,Boston,18.698666666666668,15.879999999999999,15
25025051101,Boston,27.560000000000002,18.598000000000003,20
25025051200,Boston,34.984,12.530666666666665,15
25025060101,Boston,19.887999999999998,29.142000000000003,20
25025060200,Boston,14.959999999999999,27.272000000000002,10
25025060301,Boston,22.098666666666666,29.453333333333333,15
25025060400,Boston,21.563200000000002,29.1184,25
25025060501,Boston,19.7344,27.078400000000002,25
25025060600,Boston,23.240000000000002,18.848,5
25025060700,Boston,1.1,0.0,10
25025060800,Boston,20.276,25.58,20
25025061000,Boston,9.626666666666667,6.848,15
25025061101,Boston,20.0,22.224,10
25025061200,Boston,26.058666666666667,18.421333333333333,15
25025070101,Boston,24.207,1.6670000000000003,40
25025070200,Boston,20.0,4.848,15
25025070300,Boston,15.912,5.992,20
25025070402,Boston,0.0,0.0,5
25025070500,Boston,19.752000000000002,5.5600000000000005,20
25025070600,Boston,15.584,10.047999999999998,10
25025070700,Boston,22.004,6.895999999999999,10
25025070800,Boston,13.709333333333332,10.610666666666667,15
25025070900,Boston,33.932,14.592000000000002,10
25025071101,Boston,17.2,11.352,15
25025071201,Boston,17.776,0.0,10
25025080100,Boston,34.388,18.02,10
25025080300,Boston,23.848,14.431999999999999,5
25025080401,Boston,10.98,3.2439999999999998,10
25025080500,Boston,12.991999999999999,5.136,10
25025080601,Boston,24.314666666666668,13.586666666666668,15
25025080801,Boston,1.512,0.0,10
25025080900,Boston,18.592,15.466666666666667,15
25025081001,Boston,21.86,7.768000000000001,20
25025081100,Boston,15.96,11.178666666666667,15
25025081200,Boston,57.436,50.468,10
25025081300,Boston,24.874666666666666,22.421333333333333,15
25025081400,Boston,31.197333333333336,22.037333333333333,15
25025081500,Boston,30.792,23.768,10
25025081700,Boston,31.5376,25.233600000000003,25
25025081800,Boston,31.437333333333335,22.757333333333335,15
25025081900,Boston,33.492000000000004,19.442,20
25025082000,Boston,35.99733333333334,24.549333333333333,15
25025082100,Boston,40.54666666666667,29.202666666666666,15
25025090100,Boston,43.163199999999996,21.4544,25
25025090200,Boston,43.06133333333333,16.365333333333332,15
25025090300,Boston,36.58933333333333,21.896,15
25025090400,Boston,36.976,18.839999999999996,20
25025090600,Boston,36.68,18.272,10
25025090700,Boston,26.357999999999997,18.98,20
25025090901,Boston,0.0,0.0,10
25025091001,Boston,27.444,17.662,20
25025091100,Boston,30.3536,20.288,25
25025091200,Boston,36.90133333333333,24.791999999999998,15
25025091300,Boston,33.263999999999996,18.72,10
25025091400,Boston,40.136,23.572,10
25025091500,Boston,33.19466666666667,18.30666666666667,15
25025091600,Boston,31.64,17.925333333333334,15
25025091700,Boston,42.008,21.634666666666664,15
25025091800,Boston,39.760000000000005,20.394666666666662,15
25025091900,Boston,42.982,24.91,20
25025092000,Boston,35.486000000000004,20.54,20
25025092101,Boston,28.784000000000002,17.704,25
25025092200,Boston,40.396,26.51,20
25025092300,Boston,39.556,22.684,20
25025092400,Boston,31.9152,19.503999999999998,25
25025100100,Boston,38.32114285714286,31.708571428571428,35
25025100200,Boston,36.464000000000006,20.133333333333333,15
25025100300,Boston,38.448,25.695999999999998,20
25025100400,Boston,37.791999999999994,23.336000000000002,20
25025100500,Boston,39.1952,24.144000000000002,25
25025100601,Boston,32.733999999999995,24.834,20
25025100603,Boston,28.044,20.156,10
25025100700,Boston,25.054399999999998,20.932799999999997,25
25025100800,Boston,32.135999999999996,22.586666666666666,30
25025100900,Boston,32.2928,22.0416,25
25025101001,Boston,34.91733333333333,24.788,30
25025101002,Boston,53.31466666666667,18.101333333333333,15
25025101101,Boston,44.67733333333333,27.890666666666668,15
25025101102,Boston,38.525999999999996,23.624000000000002,20
25025110103,Boston,40.010285714285715,24.37142857142857,35
25025110201,Boston,36.384,30.095999999999997,5
25025110301,Boston,31.727999999999998,26.536,10
25025110401,Boston,37.424,28.448,10
25025110403,Boston,36.344,29.6352,25
25025110501,Boston,36.27733333333333,27.125333333333334,15
25025110502,Boston,33.82933333333334,24.90666666666667,15
25025110601,Boston,34.032,48.596,10
25025110607,Boston,34.642,25.268,20
25025120103,Boston,35.488,25.927999999999997,5
25025120104,Boston,35.22133333333333,35.42666666666666,15
25025120105,Boston,32.448,27.218666666666664,15
25025120201,Boston,35.541333333333334,26.101333333333333,15
25025120301,Boston,38.618,25.919999999999998,20
25025120400,Boston,30.542399999999997,25.8688,25
25025120500,Boston,38.49066666666667,22.549333333333333,15
25025120600,Boston,36.02133333333333,27.378666666666664,15
25025120700,Boston,27.639999999999997,22.276,10
25025130100,Boston,31.189714285714288,27.22285714285714,35
25025130200,Boston,34.5616,29.793599999999998,25
25025130300,Boston,36.4832,29.724800000000002,25
25025130402,Boston,34.384,25.806400000000004,25
25025130404,Boston,31.210666666666665,25.272000000000002,15
25025130406,Boston,44.87733333333334,20.032,15
25025140102,Boston,33.498000000000005,22.595999999999997,20
25025140105,Boston,33.676,25.16,10
25025140106,Boston,4.612,33.0,10
25025140107,Boston,35.692,23.759999999999998,10
25025140201,Boston,34.315999999999995,28.139999999999997,10
25025140202,Boston,37.497600000000006,28.5856,25
25025140300,Boston,36.358666666666664,23.721333333333334,30
25025140400,Boston,36.665142857142854,25.92,35
25025160101,Chelsea,37.7328,5.9232,25
25025160200,Chelsea,23.669333333333334,7.101333333333333,15
25025160300,Chelsea,25.060000000000002,11.932,10
25025160400,Chelsea,20.516000000000002,4.4079999999999995,10
25025160501,Chelsea,26.855999999999998,12.912,25
25025160502,Chelsea,17.450666666666667,12.309333333333333,15
25025160601,Chelsea,26.252,15.048000000000002,10
25025160602,Chelsea,21.215999999999998,12.648000000000001,25
25025170100,Revere,27.74742857142857,16.441142857142857,35
25025170200,Revere,25.630000000000003,13.069999999999999,20
25025170300,Revere,28.205714285714286,18.78857142857143,35
25025170400,Revere,26.26,13.516,20
25025170501,Revere,30.691999999999997,16.148,10
25025170502,Revere,29.924,19.74,10
25025170601,Revere,27.579999999999995,16.042,20
25025170701,Revere,24.375999999999998,11.604000000000001,10
25025170702,Revere,28.932799999999997,11.908800000000001,25
25025170800,Revere,24.259999999999998,14.412,20
25025180101,Winthrop,28.256000000000004,20.778666666666666,15
25025180200,Winthrop,25.756,15.718,20
25025180301,Winthrop,30.903999999999996,23.546,20
25025180400,Winthrop,31.615999999999996,20.6,10
25025180500,Winthrop,28.944,22.362000000000002,20
25025980101,Boston,0.0,0.0,5
25025980300,Boston,0.0,0.0,5
25025980700,Boston,22.856,20.0,5
25025981000,Boston,0.0,0.0,5
25025981100,Boston,0.0,0.0,20
25025981201,Boston,0.0,0.0,5
25025981202,Boston,0.0,0.0,5
25025981300,Boston,26.663999999999998,13.336000000000002,5
25025981501,Boston,0.0,0.0,5
25025981502,Revere,0.0,0.0,5
25025981600,Boston,0.0,0.0,5
25025981700,Boston,0.0,0.0,5
25025981800,Boston,0.0,0.0,5
25027700100,Ashburnham,0.0,0.0,25
25027701101,Winchendon,21.6736,0.0,25
25027701102,Winchendon,22.456,0.0,5
25027702200,Royalston,17.880000000000003,0.0,5
25027702202,Winchendon,23.112000000000002,0.0,5
25027703100,Athol,28.168000000000003,0.0,15
25027703200,Athol,29.42133333333333,0.0,15
25027703300,Athol,27.315999999999995,0.0,10
25027704200,"Petersham, phillipston",24.472,0.0,10
25027705100,Templeton,0.0,0.0,25
25027706100,Hubbardston,27.488,0.0,10
25027707100,Gardner,28.696,3.0,15
25027707200,Gardner,23.152,5.247999999999999,5
25027707300,Gardner,29.656,10.28,15
25027707400,Gardner,29.797333333333334,1.904,15
25027707500,Gardner,30.122666666666667,7.794666666666667,15
25027708100,Westminster,32.361599999999996,12.512,25
25027709100,Leominster,33.488,24.122666666666667,15
25027709201,Leominster,34.158,24.509999999999998,20
25027709202,Leominster,29.981333333333335,16.325333333333333,15
25027709400,Leominster,28.556,16.375999999999998,10
25027709501,Leominster,37.839999999999996,24.232,5
25027709502,Leominster,36.288,22.992,15
25027709600,Leominster,26.514666666666667,12.802666666666665,15
25027709701,Leominster,36.7104,20.1584,25
25027709702,Leominster,31.351999999999997,18.328,10
25027710100,Fitchburg,16.316,8.454,20
25027710200,Fitchburg,22.286666666666665,17.416,30
25027710300,Fitchburg,17.012,9.464,10
25027710400,Fitchburg,19.712,10.36,10
25027710500,Fitchburg,15.589333333333334,9.648,15
25027710600,Fitchburg,15.974400000000001,8.2224,25
25027710700,Fitchburg,5.976,2.268,10
25027710800,Fitchburg,17.173333333333336,7.549333333333334,15
25027711000,Fitchburg,16.154666666666667,7.602666666666666,15
25027711100,Fitchburg,23.595999999999997,12.703999999999999,10
25027712101,Lunenburg,22.552,15.672,20
25027712102,Lunenburg,27.976,30.0,10
25027713100,Lancaster,34.519999999999996,25.44,20
25027715100,Bolton,40.196000000000005,25.144,10
25027716100,Clinton,30.9456,14.931199999999999,25
25027716200,Clinton,26.336000000000002,16.7,10
25027716300,Clinton,25.4,13.693333333333333,15
25027717100,Berlin,31.892000000000003,12.224,10
25027718100,Boylston,0.0,9.72,20
25027719100,Sterling,0.0,18.75,20
25027720100,Princeton,0.0,0.0,10
25027721101,Oakham,25.136000000000003,0.0,5
25027721102,Rutland,30.328,0.0,15
25027722100,Barre,28.462,0.0,20
25027723100,"Hardwick, new braintree",26.32266666666667,0.0,15
25027724100,West brookfield,34.17066666666666,20.450666666666667,15
25027725100,North brookfield,30.892799999999998,16.1152,25
25027726100,Spencer,29.742400000000004,6.0,25
25027726200,Spencer,31.4752,18.048,25
25027727100,Paxton,0.0,0.0,15
25027728100,Holden,0.0,13.938666666666666,15
25027728200,Holden,0.0,19.622,20
25027728300,Holden,0.0,4.848,15
25027728400,Holden,0.0,20.951999999999998,15
25027729100,West boylston,0.0,26.570666666666668,15
25027729200,West boylston,0.0,29.162666666666667,15
25027730100,Worcester,32.8192,23.2848,25
25027730200,Worcester,30.392,25.216,30
25027730300,Worcester,30.132799999999996,21.464000000000002,25
25027730401,Worcester,33.952,19.072,20
25027730402,Worcester,25.124000000000002,17.252,10
25027730500,Worcester,25.026666666666664,17.552,15
25027730600,Worcester,36.008,28.246400000000005,25
25027730700,Worcester,32.78666666666667,24.978666666666665,30
25027730801,Worcester,39.984,25.16,15
25027730802,Worcester,28.508000000000003,20.712,10
25027730901,Worcester,32.12,23.71466666666667,15
25027730902,Worcester,31.35466666666667,23.397333333333332,15
25027731001,Worcester,25.808,17.0,5
25027731002,Worcester,30.344,20.44,20
25027731101,Worcester,24.169999999999998,19.038,20
25027731102,Worcester,27.72266666666667,19.658666666666665,15
25027731202,Worcester,0.0,0.0,5
25027731203,Worcester,16.75,12.414,20
25027731204,Worcester,21.612000000000002,13.672,10
25027731300,Worcester,16.034666666666666,11.885333333333334,15
25027731400,Worcester,14.4768,8.6624,25
25027731500,Worcester,16.9264,15.796800000000001,25
25027731600,Worcester,12.873333333333333,9.369333333333335,30
25027731700,Worcester,5.884,5.332,10
25027731800,Worcester,15.318666666666667,9.408,30
25027731900,Worcester,21.488,13.547999999999998,20
25027732001,Worcester,13.191999999999998,21.056,5
25027732002,Worcester,36.373333333333335,15.442666666666666,15
25027732201,Worcester,25.256,21.0,10
25027732202,Worcester,28.04,23.096,15
25027732203,Worcester,22.301333333333332,16.584,15
25027732301,Worcester,28.10666666666667,20.218666666666664,15
25027732302,Worcester,26.119999999999997,19.8,10
25027732400,Worcester,22.634666666666664,12.806666666666667,30
25027732500,Worcester,13.784,5.612,10
25027732600,Worcester,22.288,14.233600000000001,25
25027732700,Worcester,20.538,10.034,20
25027732801,Worcester,29.879999999999995,22.416,10
25027732802,Worcester,26.808,18.848000000000003,15
25027732901,Worcester,27.6752,18.4,25
25027732902,Worcester,0.0,0.0,5
25027733000,Worcester,17.698666666666668,9.749333333333334,15
25027733101,Worcester,32.104,22.752,10
25027733102,Worcester,28.732,20.212,10
25027735100,Leicester,34.782,16.380000000000003,20
25027735200,Leicester,31.151999999999997,0.0,20
25027736100,Auburn,37.576,0.0,15
25027736200,Auburn,38.14933333333333,7.8533333333333335,15
25027736300,Auburn,35.85066666666667,17.962666666666667,15
25027736400,Auburn,37.77333333333333,24.18933333333333,15
25027736500,Auburn,40.0864,9.5056,25
25027737100,Millbury,37.608000000000004,24.11,20
25027737200,Millbury,32.628,18.144,10
25027737300,Millbury,37.048,29.002,20
25027738100,Grafton,30.904000000000003,19.71466666666667,15
25027738201,Grafton,33.488,25.968,10
25027738202,Grafton,33.496,28.268,10
25027739100,Shrewsbury,0.0,24.1904,25
25027739200,Shrewsbury,0.0,24.86,20
25027739300,Shrewsbury,0.0,24.107999999999997,10
25027739400,Shrewsbury,0.0,29.0416,25
25027739500,Shrewsbury,0.0,28.874000000000002,20
25027740101,Northborough,35.397333333333336,28.597333333333335,15
25027740102,Northborough,37.63733333333333,26.282666666666668,15
25027740200,Northborough,36.06133333333334,19.096,15
25027741101,Southborough,35.528000000000006,29.192,15
25027741102,Southborough,40.798,21.18,20
25027742300,Westborough,33.086400000000005,22.6944,25
25027742401,Westborough,43.263999999999996,38.160000000000004,10
25027742402,Westborough,31.484,26.0,10
25027743100,Upton,37.344,18.144,20
25027744101,Milford,35.4848,23.6816,25
25027744102,Milford,38.903999999999996,25.044,10
25027744200,Milford,28.246400000000005,16.1104,25
25027744300,Milford,22.184,12.332,20
25027744400,Milford,24.66933333333333,20.16,15
25027745100,Hopedale,33.792,15.869333333333334,15
25027746100,Mendon,38.81333333333334,12.570666666666666,15
25027747101,Blackstone,23.584,0.0,15
25027747102,Blackstone,25.328,0.0,10
25027748100,Millville,34.396,0.0,10
25027749100,Uxbridge,35.504,16.478,20
25027749200,Uxbridge,32.624,21.22,10
25027750100,Northbridge,24.917333333333332,11.776,15
25027750200,Northbridge,36.15,8.129999999999999,20
25027750300,Northbridge,26.663999999999998,20.464,5
25027751101,Sutton,40.559999999999995,18.146666666666665,15
25027751102,Sutton,36.848,25.556,10
25027752100,Douglas,33.144,0.0,20
25027753100,Oxford,28.891199999999998,0.0,25
25027753200,Oxford,34.669333333333334,11.514666666666667,15
25027754100,Webster,32.965999999999994,2.804,20
25027754200,Webster,30.264,14.151999999999997,10
25027754300,Webster,25.176,8.228,10
25027754400,Webster,31.058666666666667,19.469333333333335,15
25027755100,Dudley,32.912,8.8,10
25027755200,Dudley,32.7056,19.5504,25
25027756101,Charlton,31.696000000000005,0.0,10
25027756102,Charlton,35.4,0.0,15
25027757100,Southbridge,30.380000000000003,14.282,20
25027757200,Southbridge,27.594666666666665,10.986666666666668,15
25027757300,Southbridge,24.948,10.751999999999999,10
25027757400,Southbridge,31.426666666666666,20.082666666666668,15
25027757500,Southbridge,33.326,29.170000000000005,20
25027758101,Sturbridge,27.607999999999997,0.0,5
25027758102,Sturbridge,37.156800000000004,0.0,25
25027759100,East brookfield,29.244,9.104000000000001,10
25027760100,Brookfield,33.19733333333333,5.442666666666667,15
25027761100,Warren,23.822,13.022,20
25027761200,Westborough,23.573333333333334,21.986666666666668,15
25027761300,Grafton,30.613333333333337,19.904,15
25027761400,Harvard,31.875999999999998,13.92,30
